"Dolly,Clementine",MPM2D1,ENG2D1,TGJ2O1,PAF2O9,BBI2O1,SNC2D1,CHC2D1,CIVCAR,EMPTY,
"Kip,Nata",,null,
"Jobie,Willow",,null,
"Augustine,Clarice",,null,
"Merlina,Vonnie",,null,
"Carroll,Florenza",,null,
"Yvette,Steffi",PAF3O9,MHF4U1,SCH3U1,ICS3U6,MCV4U1,HSP3U1,SBI3U1,ENG3U1,EMPTY,
"Hedy,Therine",,null,
"Catina,Auroora",,null,
"Jorry,Ruthann",,null,
"Merrilee,Luisa",,null,
"Twyla,Brandi",,null,
"Doro,Petronilla",,null,
"Meris,Maren",CHC2D1,BBI2O1,ENG2DG,MCR3U6,ICS3U6,SNC2DG,SCH3U6,MPM2DG,EMPTY,
"Ashely,Nani",,null,
"Vilhelmina,Agretha",,null,
"Krissie,Gaynor",,null,
"Blancha,Marleen",PPL1O9,FSF1D1,MTH1W1,ENG1D1,SNC1D1,ADA1O1,BTT1O1,CGC1D1,EMPTY,
"Una,Fay",,null,
"Ofella,Annmarie",,null,
"Denice,Brittan",SBI4UE,IDC4UE,IDC4U1,SCH3U1,MCR3U1,CLU3M1,ENG3UE,SPH3U1,EMPTY,
"Kathi,Guillemette",,null,
"Wanda,Emili",,null,
"Clarinda,Christean",SCH3U1,TEJ3M1,BAF3M1,MCR3U1,SBI3U1,ENG3U1,SPH3U1,PPL3O9,EMPTY,
"Sherry,Anastasie",,null,
"Ginnie,Ainslee",,null,
"Andreana,Christin",,null,
"Ethelin,Cloris",,null,
"Corey,Annabella",CHC2D1,MCR3U6,SNC2D1,SBI3U6,ICS3U6,HSP3U1,ENG2D1,FSF2D1,EMPTY,
"Joan,Gilberte",,null,
"Esmeralda,Marigold",,null,
"Rennie,Lynne",TIJ1O1,PPL1O8,ENG1D1,FSF1D1,MTH1W1,SNC1D1,CGC1D1,ADA1O1,EMPTY,
"Agnesse,Stephani",TIJ1O1,ENG1D1,AMI1O1,SNC1D7,MTH1W7,FSF1D1,CGC1D1,PAI1O1,EMPTY,
"Nessa,Christin",,null,
"Kelley,Nonie",,null,
"Brynne,Trenna",,null,
"Dari,Nicolea",,null,
"Emiline,Sean",,null,
"Natassia,Verla",CHC2D1,HFN2O1,CIVCAR,ENG2D1,AVI2O1,BBI2O1,MPM2D1,SNC2D1,EMPTY,
"Minni,Tammy",,null,
"Marigold,Kayley",,null,
"Kalie,Cassey",,null,
"Marianna,Amalea",,null,
"Krystyna,Tiff",MTH1W1,SNC1D1,ENG1D1,CGC1P1,FSF1P1,HIF1O1,PAI1O1,ADA1O1,EMPTY,
"Petrina,Elfrida",,null,
"Merrill,Peria",,null,
"Dorie,Sibilla",,null,
"Elsie,Tish",MTH1W1,HIF1O1,ENG1D1,FSF1D1,SNC1D1,CGC1D1,PAI1O1,ADA1O1,EMPTY,
"Shirley,Rena",,null,
"Bobbee,Vernice",,null,
"Caron,Nicolette",,null,
"Ruthe,Annora",,null,
"Larisa,Zondra",,null,
"Xylina,Halette",,null,
"Tammara,Mariejeanne",,null,
"Jenica,Charmine",,null,
"Twila,Henryetta",,null,
"Liuka,Neda",,null,
"Carlee,Elmira",,null,
"Clarinda,Aurora",,null,
"Ninnetta,Liesa",,null,
"La Verne,Jocelyn",,null,
"Verina,Eada",,null,
"Estel,Adeline",,null,
"Hephzibah,Denise",,null,
"Hyacinthia,Elonore",,null,
"Margarethe,Sheela",,null,
"Madalyn,Moyna",,null,
"Gladys,Henryetta",,null,
"Catina,Misti",,null,
"Jasmine,Doralynn",,null,
"Ranique,Sarita",,null,
"Kristine,Charla",,null,
"Milzie,Joby",,null,
"Wynnie,Jaquenette",,null,
"Bekki,Cyb",,null,
"Hattie,Vilma",,null,
"Marcela,Deanna",,null,
"Minnaminnie,Terrye",,null,
"Christal,Charita",,null,
"Helge,Celestyn",,null,
"Melva,Liza",,null,
"Kerrill,Sonny",,null,
"Nicol,Kitty",,null,
"Mag,Lorette",,null,
"Laurena,Tonye",,null,
"Britteny,Donny",,null,
"Leelah,Jennee",,null,
"Harley,Dionne",,null,
"Chandal,Hannis",,null,
"Vivia,Lucie",,null,
"Sonja,Jermaine",,null,
"Bonita,Donella",,null,
"Kenna,Sephira",,null,
"Henka,Nicola",,null,
"Merilyn,Lenka",,null,
"Rosalie,Andy",ENG3UE,HSP3U1,BMI3C1,PAF2O9,HZT4U1,MCR3U6,CLU3M1,TGV3M1,EMPTY,
"Lavina,Helenka",,null,
"Haley,Malia",,null,
"Maisie,Halette",,null,
"Brenda,Yovonnda",,null,
"Gleda,Elisabet",,null,
"Annabelle,Katusha",,null,
"Fayth,Therese",,null,
"Harmonie,Gertruda",,null,
"Riannon,Joye",,null,
"Lesly,Othella",SNC1DG,AVI1O1,PPL1O9,ENG1DG,MTH1WG,ICS2OG,CGC1DG,FSF1DG,EMPTY,
"Alie,Vivyan",,null,
"Susanetta,Jane",,null,
"Elfrieda,Oralie",,null,
"Gisella,Josefina",,null,
"Sydel,Dian",,null,
"Regina,Thomasina",,null,
"Camille,Pearl",,null,
"Val,Cicily",,null,
"Tiffany,Gaby",,null,
"Erina,Margareta",,null,
"Kori,Suzette",,null,
"Kaitlyn,Feodora",,null,
"Lorrie,Valenka",,null,
"Beitris,Ertha",,null,
"Teresa,Agatha",,null,
"Janifer,Guglielma",,null,
"Selle,Hazel",,null,
"Carma,Karmen",,null,
"Johna,Marjorie",,null,
"Legra,Celestina",MPM2D1,HFN2O1,SNC2D1,TEJ2O1,CHC2D1,ICS2O1,CIVCAR,ENG2D1,EMPTY,
"Nelly,Wylma",,null,
"Korry,Eveline",,null,
"Karlotte,Letizia",,null,
"Pattie,Cherilyn",,null,
"Rosa,Marie-Jeanne",,null,
"Letta,Correna",,null,
"Eleen,Ericha",,null,
"Joella,Leigha",,null,
"Korie,Oralie",,null,
"Josepha,Sue",,null,
"Yetta,Genovera",,null,
"Sabina,Anni",,null,
"Gerhardine,Dulsea",,null,
"Debi,Esmaria",,null,
"Cherye,Deeyn",,null,
"Marisa,Kym",,null,
"Georgie,Bertina",,null,
"Melody,Gusti",,null,
"Ferdinande,Christian",,null,
"Junie,Marti",,null,
"Riane,Audy",,null,
"Neala,Diana",,null,
"Evey,Danette",,null,
"Eve,Dyanne",,null,
"Dasi,Papagena",,null,
"Janaye,Nari",TIJ1O1,SNC1D1,MTH1W1,AVI1O1,PPL1O8,FSF1D1,CGC1D1,ENG1D1,EMPTY,
"Robinett,Cate",,null,
"Tootsie,Maritsa",,null,
"Madelena,Fiona",,null,
"Betteann,Anica",,null,
"Anabel,Dina",,null,
"Nataline,Chelsie",,null,
"Adah,Murial",,null,
"Minda,Dion",,null,
"Sybille,Elsbeth",,null,
"Willamina,Avie",,null,
"Michaeline,Glennis",,null,
"Ilse,Gerianna",,null,
"Myrle,Jodie",,null,
"Orelee,Maxine",,null,
"Netta,Cornelle",,null,
"Emmie,Kakalina",,null,
"Fayina,Minerva",,null,
"Ivonne,Kelly",,null,
"Bernardina,Glenn",,null,
"Valenka,Bethany",,null,
"Georgeanna,Bliss",,null,
"Letisha,Merry",,null,
"Trish,Cassey",,null,
"Olva,Ola",,null,
"Albina,Allyson",,null,
"Sheila-Kathryn,Mary",,null,
"Hedwiga,Glennie",,null,
"Anette,Clare",,null,
"Irena,Hilda",,null,
"Kissee,Liliane",,null,
"Hildy,Carmelle",,null,
"Brana,Amberly",,null,
"Anastassia,Rebekah",,null,
"Selina,Violetta",,null,
"Rebecka,Kyrstin",,null,
"Niki,Ranice",,null,
"Katusha,Alvinia",,null,
"Faythe,Veronica",,null,
"Lisetta,Laryssa",,null,
"Veronika,Cecilia",,null,
"Poppy,Elsa",,null,
"Karisa,Dominica",,null,
"Ethel,Jillie",,null,
"Annemarie,Tova",,null,
"Gerianne,Andreana",,null,
"Cynthie,Shandie",,null,
"Mellicent,Trix",,null,
"Valaree,Margarethe",,null,
"Alisun,Luelle",,null,
"Janaye,Hildegarde",,null,
"Lucita,Stafani",,null,
"Elene,Luisa",,null,
"Rebekah,Stephi",,null,
"Therese,Clair",,null,
"Caritta,Terrye",,null,
"Micheline,Rose",,null,
"Amandi,Harmony",,null,
"Shayla,Adrianna",,null,
"Heidie,Ginnie",,null,
"Shanta,Camile",,null,
"Gerty,Arden",,null,
"Karel,Cilka",,null,
"Violette,Jan",,null,
"Jenni,Celia",,null,
"Renie,Elset",,null,
"Elaina,Arabele",,null,
"Kerrin,Dot",GLE1O1,HIF1O1,SNC1D1,FSF1P1,CGC1D1,PPL1O8,ENG1D1,MTH1W1,EMPTY,
"Nicki,Twyla",,null,
"Larine,Filide",,null,
"Guillemette,Gabriela",,null,
"Moselle,Elwira",,null,
"Othilie,Gretta",,null,
"Lolly,Gilberte",,null,
"Laurice,Brier",,null,
"Torrie,Gusty",,null,
"Amye,Kyle",,null,
"Tricia,Gloria",,null,
"Madalyn,Gretal",,null,
"Ophelie,Orelee",,null,
"Elsy,Merrily",,null,
"Rikki,Bambie",,null,
"Drucill,Ranique",SBI4U1,MHF4U1,IDC4U1,ENG4U1,MCV4U1,PSK4U1,HFA4U1,SCH4U1,EMPTY,
"Leodora,Dolli",,null,
"Netta,Avivah",,null,
"Sissy,Mel",,null,
"Donetta,Alvina",,null,
"Delila,Gabrielle",,null,
"Dyane,Leanora",,null,
"Kat,Corrinne",,null,
"Perl,Sharyl",,null,
"Bonny,Hannie",,null,
"Sydelle,Maura",,null,
"Merilee,Shawnee",,null,
"Brigitta,Tory",,null,
"Shirl,Bonny",,null,
"Laureen,Kasey",,null,
"Vinni,Dulci",,null,
"Jojo,Giulia",,null,
"Melosa,Cinnamon",,null,
"Lynne,Aili",,null,
"Cyndi,Ammamaria",,null,
"Nelie,Audrey",,null,
"Maddie,Mara",,null,
"Verile,Danica",,null,
"Carlota,Nikaniki",,null,
"Mimi,Ailsun",,null,
"Daisey,Lanie",,null,
"Janelle,Sandi",,null,
"Corrinne,Eloise",,null,
"Candide,Gerta",,null,
"Nicoline,Anna-Maria",,null,
"Maribeth,Kellie",,null,
"Lyndel,Friederike",,null,
"Anallese,Pauli",,null,
"Jannel,Chrystal",,null,
"Natividad,Rhodie",,null,
"Conchita,Mignon",,null,
"Trenna,Tamarah",,null,
"Stesha,Karena",,null,
"Lorrayne,Arlie",,null,
"Tybi,Glennis",,null,
"Lorie,Christyna",,null,
"Larina,Lavinia",,null,
"Nalani,Dixie",,null,
"Minda,Brietta",,null,
"Sibilla,Johanna",SNC2D1,HSP3U1,ENG2D1,SBI3U1,MPM2D1,CHC2D1,CIVCAR,ICS2O1,EMPTY,
"Rozalie,Daisie",,null,
"Gene,Waneta",,null,
"Melanie,Chandal",,null,
"Star,Allix",,null,
"Chrissie,Andree",,null,
"Marcille,Marie-Ann",,null,
"Cyb,Blinny",,null,
"Almeria,Carol",,null,
"Margy,Ninon",,null,
"Tabbi,Allissa",,null,
"Yasmin,Yoko",,null,
"Harli,Tara",,null,
"Christen,Tamiko",,null,
"Ursuline,Ulrika",,null,
"Constanta,Vivia",,null,
"Justina,Tracie",,null,
"Eudora,Jolene",,null,
"Sidoney,Valerie",PAF3O9,SPH3U1,ICS4UE,ENG3U1,MCR3U6,SCH3U1,DCO3OC,AMR3M1,EMPTY,
"Malinde,Zoe",,null,
"Stoddard,Rae",,null,
"Hollyanne,Abby",,null,
"Irina,Seana",,null,
"Othella,Eleanor",,null,
"Laurie,Anderea",,null,
"Eirena,Stephi",,null,
"Margarete,Shandeigh",,null,
"Corissa,Brandice",,null,
"Donica,Alfy",,null,
"Phylis,Shela",,null,
"Alta,Kelley",,null,
"Alyson,Bobinette",,null,
"Tasia,Cristen",,null,
"Emlynn,Tandy",,null,
"Dee,Revkah",,null,
"Janet,Lyssa",,null,
"Sibella,Della",,null,
"Mariya,Mae",,null,
"Drusi,Malynda",,null,
"Jessica,Lyndsay",,null,
"Darby,Shannen",,null,
"Sandi,Shaylah",,null,
"Pauli,Rosalinda",,null,
"Annecorinne,Cherye",,null,
"Barbey,Jackquelin",,null,
"Scarlet,Maridel",,null,
"Analiese,Phylis",,null,
"Sharon,Tory",,null,
"Aveline,Nicki",,null,
"Tatiania,Dominga",,null,
"Denyse,Jacenta",CGC1D1,BTT1O1,AVI1O1,SNC1D7,MTH1W7,FSF1D1,PAI1O1,ENG1D1,EMPTY,
"Lacy,Anjanette",,null,
"Manya,Ester",,null,
"Sibley,Dalila",,null,
"Consuela,Carleen",,null,
"Kevyn,Ros",,null,
"Orsola,Ingunna",,null,
"Doralyn,Leone",,null,
"Ludovika,Cherilyn",,null,
"Vernice,Jerrie",,null,
"Alessandra,Jemima",,null,
"Evita,Noellyn",,null,
"Tiena,Colly",,null,
"Allissa,Rhody",,null,
"Sheila-Kathryn,Faye",,null,
"Lois,Conchita",,null,
"Kariotta,Suzann",,null,
"Nada,Cyndie",,null,
"Pavla,Twyla",,null,
"Ardelis,Maribelle",,null,
"Evie,Audrye",,null,
"Gayel,Giselle",,null,
"Salomi,Coleen",,null,
"Sarah,Kassie",,null,
"Kinna,Sophronia",,null,
"Klara,Willy",,null,
"Glenna,Sunshine",,null,
"Kyla,Lucy",,null,
"Lorianna,Emlynn",,null,
"Wylma,Eugine",,null,
"Mattie,Cora",,null,
"Jenilee,Lyndsie",,null,
"Nollie,Calli",,null,
"Shalne,Berri",,null,
"Mary,Junette",,null,
"Teressa,Meade",,null,
"Fanchette,Harmonie",,null,
"Chryste,Gerty",,null,
"Hertha,Helaine",,null,
"Jillana,Lotti",,null,
"Hollie,Dolley",,null,
"Rina,Nertie",,null,
"Aila,Meggie",,null,
"Lorene,Leone",,null,
"Tiphanie,Petronilla",,null,
"Zita,Clareta",,null,
"Tamera,Kayley",,null,
"Paulie,Sabra",,null,
"Sydel,Josey",,null,
"Alexandra,Anett",,null,
"Astrix,Misha",,null,
"Waneta,Tamma",,null,
"Shandee,Audrye",,null,
"Madeleine,Carol-Jean",,null,
"Aviva,Tabatha",,null,
"Neely,Dorris",,null,
"Lorilyn,Domeniga",,null,
"Kellen,Nona",,null,
"Tiffy,Kalina",,null,
"Mada,Aigneis",SNC2P1,CIVCAR,BBI2O1,ENG2D1,CHC2P1,MPM2D1,AWC2O1,AVI2O1,EMPTY,
"Herta,Roxana",,null,
"Zia,Dasi",,null,
"Mariann,Nevsa",,null,
"Corrianne,Rebekah",,null,
"Orelia,Elfrieda",,null,
"Antoinette,Tamera",,null,
"Leola,Myriam",,null,
"Leticia,Alys",,null,
"Letizia,Bella",,null,
"Prudence,Tessa",,null,
"Olimpia,Edin",,null,
"Talya,Marti",,null,
"Angy,Eliza",,null,
"Perl,Idell",,null,
"Page,Eleanor",,null,
"Marie-Jeanne,Rori",,null,
"Britney,Pamella",,null,
"Debee,Kailey",,null,
"Zoe,Tommy",,null,
"Aloysia,Libby",,null,
"Kylila,Callie",,null,
"Noelani,Nell",,null,
"Eloisa,Vivianne",,null,
"Kristina,Erin",,null,
"Jessica,Daniele",,null,
"Katlin,Bobbie",,null,
"Blakeley,Katrinka",,null,
"Shani,Shandie",,null,
"Mary,Dede",,null,
"Vonny,Madalyn",,null,
"Loreen,Dorey",,null,
"Dorthea,Violette",,null,
"Petronilla,Clare",,null,
"Jenilee,Charline",,null,
"Cicely,Brigitte",,null,
"Annamaria,Willette",,null,
"Elena,Rennie",,null,
"Daniele,Maryellen",,null,
"Jorie,Sorcha",,null,
"Susan,Roxanne",,null,
"Beryl,Amalia",,null,
"Valaree,Licha",,null,
"Catherine,Isidora",,null,
"Jessie,Rozanna",,null,
"Ashlee,Melita",,null,
"Jeri,Elly",,null,
"Sileas,Darbie",,null,
"Rania,Agneta",,null,
"Ellette,Elmira",,null,
"Tamiko,Lenora",,null,
"Sandy,Margarethe",,null,
"Myranda,Dorie",,null,
"Daryn,Bessie",,null,
"Tressa,Lisette",,null,
"Leanna,Teddi",,null,
"Lucie,Leonanie",,null,
"Deina,Robbi",,null,
"Anabella,Teddy",,null,
"Martha,Bethena",,null,
"Koren,Darsey",,null,
"Rochella,Gisele",,null,
"Marcile,Verla",,null,
"Jaine,Betsey",,null,
"Hannie,Annamaria",,null,
"Angela,Tildie",,null,
"Tess,Fredra",,null,
"Fayina,Laverna",CHC2D1,CIVCAR,SNC2D1,ENG2D1,AVI2O1,MPM2D1,AWC2O1,BBI2O1,EMPTY,
"Teresa,Tiffi",,null,
"Felipa,Kellina",,null,
"Frannie,Rhonda",,null,
"Kippy,Maggee",,null,
"Annmaria,Katuscha",,null,
"Nessie,Cher",,null,
"Leda,Berenice",,null,
"Alikee,Elwira",,null,
"Samara,Alverta",,null,
"Amandi,Koo",,null,
"Karyl,Hetty",,null,
"Ashla,Elberta",,null,
"Maurene,Ora",,null,
"Nollie,Karoline",,null,
"Averyl,Ivory",,null,
"Maressa,Maybelle",,null,
"Willette,Phylis",,null,
"Liza,Katharine",,null,
"Cindi,Daryn",,null,
"Aleta,Yasmeen",,null,
"Hilda,Fernanda",,null,
"Letta,Anthia",,null,
"Francene,Alaine",,null,
"Cortney,Ralina",,null,
"Amara,Jewelle",,null,
"Aggie,Janessa",,null,
"Luce,Lynnell",,null,
"Risa,Rhianna",,null,
"Shalne,May",,null,
"Brigitta,Lorie",,null,
"Fanny,Shoshanna",,null,
"May,Netty",,null,
"Jeannine,Wandie",,null,
"Leticia,Julienne",,null,
"Pauletta,Eugenie",,null,
"Loise,Marina",,null,
"Kai,Annabel",,null,
"Sada,Serene",,null,
"Sally,Vernice",,null,
"Dasie,Abigael",,null,
"Una,Cherie",,null,
"Cammi,Maxi",,null,
"Katherine,Eryn",,null,
"Evey,Bee",,null,
"Rosene,Anna",,null,
"Benedicta,Mariellen",,null,
"Bernardine,Joyan",,null,
"Catherin,Myrta",,null,
"Fedora,Lorrie",,null,
"Loraine,Fernandina",,null,
"Beilul,Becky",,null,
"Jennette,Erena",,null,
"Anette,Elsinore",,null,
"Minda,Calli",,null,
"Jaine,Nanci",,null,
"Rochette,Claudie",,null,
"Clary,Tanhya",,null,
"Samaria,Bella",,null,
"Ranee,Lisbeth",,null,
"Viva,Nicolette",,null,
"Ag,Zitella",,null,
"Marissa,Scarlet",,null,
"Latrena,Debor",,null,
"Emmalyn,Joella",,null,
"Becki,Cherie",,null,
"Sara,Francene",,null,
"Lyndsey,Maude",,null,
"Harriot,Pru",,null,
"Loni,Filide",,null,
"Elianora,Ronalda",,null,
"Iolande,Marjorie",,null,
"Gillan,Miquela",,null,
"Cacilia,Phyllys",,null,
"Dolli,Salomi",,null,
"Georgina,Karyl",,null,
"Dulciana,Oralia",,null,
"Nicol,Aubrey",,null,
"Jeniece,Beulah",,null,
"Karrah,Darice",,null,
"Courtnay,Gerianna",,null,
"Ashlan,Rebeca",,null,
"Rica,Dorothee",,null,
"Aubine,Barbette",,null,
"Matelda,Engracia",,null,
"Lorilyn,Nessi",,null,
"Elka,Valerie",,null,
"Ernaline,Aeriela",,null,
"Dedra,Leandra",,null,
"Kylen,Jana",,null,
"Freddi,Vivia",,null,
"Stacie,Harmonia",,null,
"Daffie,Maryl",,null,
"Gilemette,Astrix",,null,
"Vilma,Dede",,null,
"Ilysa,Dolores",,null,
"Annamarie,Noel",,null,
"Tessie,Doris",,null,
"Millisent,Kittie",,null,
"Adan,Doro",,null,
"Audre,Bellanca",,null,
"Maryjo,Sasha",,null,
"Roseann,Pandora",,null,
"Winni,Ardys",,null,
"Ellene,Darsey",,null,
"Donia,Lori",,null,
"Natividad,Fayina",,null,
"Shoshana,Corella",,null,
"Rosaleen,Gertrud",,null,
"Dacy,Edyth",,null,
"Kayley,Dolly",,null,
"Breena,Lanita",,null,
"Ingrid,Maxi",,null,
"Roseanna,Wanids",,null,
"Lenora,Jessamyn",,null,
"Celestia,Madelina",,null,
"Gnni,Damaris",,null,
"Ciel,Aridatha",,null,
"Janelle,Davine",,null,
"Cathleen,Tomasina",,null,
"Aimee,Saudra",,null,
"Ina,Alfreda",,null,
"Kassey,Gwendolen",,null,
"Denise,Blanche",,null,
"Marjorie,Lelah",,null,
"Caprice,Colline",,null,
"Alena,Kellie",,null,
"Ethel,Gizela",,null,
"Juanita,Shawn",,null,
"Christen,Sheeree",,null,
"Leona,Addia",,null,
"Wallie,Ansley",,null,
"Ange,Dena",,null,
"Aidan,Kimberly",,null,
"Max,Janean",,null,
"Perrine,Effie",,null,
"Doria,Melisande",,null,
"Caresse,Rora",,null,
"Mame,Christi",,null,
"Ulrika,Rafaelia",,null,
"Bridie,Goldie",,null,
"Clarinda,Idell",,null,
"Trista,Jaymee",,null,
"Bren,Mara",,null,
"Laureen,Clementine",,null,
"Selina,Nananne",,null,
"Gail,Tabitha",,null,
"Maribel,Kimberley",,null,
"Barbaraanne,Collie",,null,
"Josselyn,Zelma",ENG3U1,MCR3U1,SBI3U1,ICS3U1,AVI2O1,SCH3U1,BAF3M1,PPL3O9,EMPTY,
"Tobye,Marthena",,null,
"Hannis,Sean",,null,
"Ninetta,Harli",,null,
"Iormina,Maria",,null,
"Patti,Cherlyn",,null,
"Shirlene,Elizabeth",,null,
"Tallou,Maddy",,null,
"Lydia,Zora",,null,
"Edee,Caril",,null,
"Pippa,Aretha",,null,
"Rhodia,Kiah",,null,
"Helsa,Shauna",,null,
"Lauralee,Susy",,null,
"Idalia,Glen",,null,
"Babara,Junina",,null,
"Marena,Amelia",,null,
"Dottie,Carri",,null,
"Matti,Isahella",MCR3U1,SPH3U1,BAF3M1,ENG3U1,SBI3U1,SCH3U1,CLU3M1,PPL3O9,EMPTY,
"Anni,Corina",,null,
"Christie,Thia",,null,
"Dorine,Mureil",,null,
"Michel,Leola",,null,
"Joceline,Larine",,null,
"Raynell,Aggy",,null,
"Fifine,Malissa",,null,
"Min,Gay",SCH3U1,HSP3U1,TEJ3M1,MCR3U1,ICS3U1,ENG3U1,SPH3U1,BAF3M1,EMPTY,
"Prisca,Cristi",,null,
"Brinn,Alla",,null,
"Joete,Jenny",,null,
"Brunhilde,Kerianne",GLE1O1,CGC1D1,TIJ1O1,SNC1D7,MTH1W7,FSF1P1,ENG1D1,PPL1O9,EMPTY,
"Elladine,Gerri",,null,
"Windy,Anna-Diane",,null,
"Storm,Essa",,null,
"Cassey,Alana",,null,
"Maryl,Sibelle",,null,
"Valera,Dasya",,null,
"Carolyn,Mignonne",,null,
"Eartha,Mavra",,null,
"Diane,Gabriel",,null,
"Mercy,Nanny",,null,
"Kristien,Marsha",,null,
"Reeba,Arleyne",,null,
"Shoshana,Robinia",,null,
"Debora,Fanya",,null,
"Maressa,Cassondra",,null,
"Ginevra,Kai",,null,
"Petronilla,Jaquelyn",,null,
"Glad,Ainslie",,null,
"Bernelle,Alecia",,null,
"Aimil,Leigh",,null,
"Anstice,Mariel",,null,
"Helaina,Dalia",,null,
"Brigit,Kirsteni",,null,
"Josefa,Domini",,null,
"Suzy,Paule",,null,
"Ethelind,Fay",,null,
"Chiquia,Maridel",,null,
"Harley,Rosella",,null,
"Tiffanie,Edeline",,null,
"Oralie,Viva",,null,
"Sydney,Katherine",,null,
"Cristin,Diannne",,null,
"Eula,Desdemona",,null,
"Sharon,Ermengarde",,null,
"Aloise,Demetris",,null,
"Othelia,Brittne",,null,
"Torrie,Nicol",,null,
"Adelaide,Iolanthe",,null,
"Gilberte,Winonah",,null,
"Emmey,Donni",,null,
"Nikki,Malvina",,null,
"Edithe,Shoshanna",,null,
"Cherida,Gwenette",,null,
"Elfie,Cordi",,null,
"Pierette,Jan",,null,
"Sapphira,Idell",,null,
"Rayna,Zelda",,null,
"Hally,Clemmie",,null,
"Janetta,Betsey",,null,
"Dulci,Aviva",,null,
"Tildie,Clare",,null,
"Peria,Cristin",,null,
"Ainsley,Una",ENG2D1,MPM2D1,SNC2D1,CHC2D1,BBI2O1,ICS2O1,BAF3M1,AVI2O1,EMPTY,
"Clarissa,Frederique",,null,
"Malvina,Freddie",,null,
"Dorotea,Phyllys",,null,
"Franni,Carlita",,null,
"Wileen,Barbee",,null,
"Erminie,Jenine",,null,
"Gracia,Jemimah",,null,
"Aime,Marni",,null,
"Breena,Loralee",,null,
"Rosanne,Tiphany",,null,
"Tess,Dyanna",,null,
"Remy,Latrena",,null,
"Juieta,Rosalinda",,null,
"Veronika,Lyda",,null,
"Romola,Lanie",,null,
"Juliet,Atalanta",,null,
"Mei,Madlen",,null,
"Mala,Blithe",,null,
"Koral,Alane",,null,
"Kiersten,Gretel",,null,
"Chicky,Ilise",,null,
"Janna,Jo-Anne",,null,
"Mellisa,Nelia",,null,
"Zaneta,Anna-Diane",,null,
"Ainsley,Alfie",,null,
"Tildie,Kerry",,null,
"Rebecca,Paolina",,null,
"Sari,Cordula",,null,
"Denys,Johanna",,null,
"Sissy,Cosetta",,null,
"Marcela,Nancee",,null,
"Rubi,Genna",,null,
"Claudia,Evelina",,null,
"Marget,Martha",,null,
"Anderea,Danila",,null,
"Denice,Elbertine",,null,
"Anabel,Danice",,null,
"Alecia,Salaidh",,null,
"Emmy,Carol",,null,
"Sidonnie,Aleece",,null,
"Vilhelmina,Noemi",,null,
"Miof Mela,Greer",,null,
"Ellen,Tabbitha",,null,
"Leilah,Orella",,null,
"Brandy,Jada",,null,
"Dalia,Sunshine",,null,
"Ladonna,Esther",,null,
"Corrine,Jillana",,null,
"Trula,Shelley",,null,
"Kasey,Linnie",,null,
"Tansy,Inger",,null,
"Brittaney,Dacy",,null,
"Fayette,Eadie",,null,
"Andee,Mallissa",,null,
"Ramonda,Hedvige",,null,
"Daisey,Emilia",,null,
"Candis,Ketti",,null,
"May,Sarajane",,null,
"Hanny,Chrissy",,null,
"Auria,Ginni",,null,
"Anstice,Brett",,null,
"Milena,Anne-Corinne",,null,
"Wenona,Tiphany",,null,
"Claresta,Veronike",,null,
"Datha,Aridatha",,null,
"Cathie,Rania",,null,
"Thomasin,Donella",,null,
"Emmey,Mady",,null,
"Marlane,Enrika",,null,
"Cate,Violante",,null,
"Dinny,Arabella",,null,
"Ashien,Joby",,null,
"Merridie,Alaine",,null,
"Lesly,Lucy",,null,
"Harriot,Steffane",,null,
"Bernelle,Orelee",,null,
"Darda,Tani",,null,
"Darcey,Damara",,null,
"Katherina,Sabine",,null,
"Shirl,Corrina",,null,
"Shir,Tara",,null,
"Betteann,Belita",,null,
"Enrichetta,Hildagard",,null,
"Winne,Avrit",,null,
"Gabey,Denys",,null,
"Verena,Karalee",SCH4U1,ENG3U1,CIVCAR,SBI3U1,MCR3U6,SCH3U1,BBB4M1,BAF3M1,EMPTY,
"Austine,Rora",,null,
"Carlie,Robbyn",,null,
"Vivia,Ezmeralda",,null,
"Cortney,Michele",,null,
"Cherish,Darline",,null,
"Carie,Corella",,null,
"Cybill,Mellicent",,null,
"Tiffanie,Zorah",,null,
"Siana,Sukey",,null,
"Hildagarde,Tomi",,null,
"Eran,Adore",,null,
"Eba,Sofia",,null,
"Mandi,Idell",,null,
"Sibeal,Ceciley",,null,
"Claribel,Dix",,null,
"Melonie,Amity",,null,
"Marybelle,Manya",,null,
"Kaila,Elfreda",,null,
"Stormi,Rosabel",,null,
"Lauren,Brandise",,null,
"Halley,Janeta",,null,
"Melania,Laurette",,null,
"Melissa,Celestyna",,null,
"Kay,Ingeberg",,null,
"Grier,Giovanna",,null,
"Marlyn,Starr",,null,
"Susette,Shalne",,null,
"Miriam,Elsey",,null,
"Audra,Pammy",,null,
"Stella,Janith",,null,
"Billie,Bridgette",,null,
"Dierdre,Adel",,null,
"Angil,Fifine",,null,
"Babbette,Ursuline",,null,
"Deidre,Kaylee",,null,
"Tatum,Marta",,null,
"Minette,Wilona",,null,
"Sonya,Saidee",,null,
"Amaleta,Gigi",,null,
"Cecily,Blanch",,null,
"Brigitte,Tami",,null,
"Ami,Jamima",,null,
"Raychel,Deerdre",,null,
"Doreen,Shawn",,null,
"Danita,Annemarie",,null,
"Vivien,Rodina",,null,
"Lyndy,Almeda",,null,
"Kelci,Chere",,null,
"Nanete,Karalee",,null,
"Lucille,Vitoria",,null,
"Danella,Lorelle",,null,
"Anni,Jenna",,null,
"Berthe,Leilah",,null,
"Jacquelin,Peria",,null,
"Jerry,Teddie",,null,
"Riannon,Arabele",,null,
"Rosalinde,Christi",,null,
"Alyson,Lorelei",,null,
"Gabbey,Jacquelyn",,null,
"Lauralee,Alfie",,null,
"Catlin,Nance",,null,
"Hildy,Herminia",,null,
"Amii,Jacquelin",,null,
"Zilvia,Caresa",,null,
"Ambur,Kylie",,null,
"Minetta,Ruthy",,null,
"Dori,Wendi",,null,
"Kiley,Ginevra",,null,
"Serene,Catharine",,null,
"Ainsley,Evanne",,null,
"Leta,Dominga",,null,
"Allyson,Pam",,null,
"Alma,Kimberlyn",,null,
"Cammy,Elisabeth",,null,
"Cinda,Meridith",,null,
"Matelda,Josi",,null,
"Devina,Brita",,null,
"Dari,Tori",,null,
"Mildrid,Alane",,null,
"Betsey,Phylys",,null,
"Eda,Kalina",,null,
"Janetta,Alicia",,null,
"Harmonie,Ansley",,null,
"Emilee,Manya",,null,
"Phedra,Scarlett",,null,
"Margalo,Noel",,null,
"Gilberta,Alika",,null,
"Nessy,Emogene",,null,
"Margeaux,Adela",,null,
"Gertrude,Dedra",,null,
"Gianna,Ebba",,null,
"Moina,Edythe",,null,
"Jermaine,Stafani",,null,
"Melisande,Theodosia",,null,
"Nora,Jobey",,null,
"Marijo,Darby",,null,
"Vanya,Janeen",,null,
"Valerie,Kimmy",,null,
"Anica,Lucretia",,null,
"Elga,Ashla",,null,
"Helga,Karrie",,null,
"Jesselyn,Jackqueline",,null,
"Robinet,Merilee",,null,
"Cathy,Carmelle",,null,
"Chandra,Gladi",,null,
"Ashia,Didi",,null,
"Philippine,Gilberte",,null,
"Jemmy,Gabey",,null,
"Avrit,Elnora",,null,
"Larisa,Emyle",,null,
"Kore,Ashia",CGC1D1,SNC1D1,PPL1O9,ENG1D1,AMI1O1,MTH1W1,AVI1O1,FSF1D1,EMPTY,
"Daisi,Drusy",,null,
"Kara,Adriena",,null,
"Kaitlin,Rochella",,null,
"Truda,Jsandye",,null,
"Joelie,Melina",,null,
"Ingunna,Jennilee",,null,
"Teri,Atlanta",,null,
"Meridel,Marjy",,null,
"Julianne,Jesse",,null,
"Annabella,Aridatha",,null,
"Sallee,Joycelin",,null,
"Bren,Nerissa",,null,
"Kaitlyn,Fredra",,null,
"Brianna,Aurilia",,null,
"Max,Alena",,null,
"Neely,Bridgette",,null,
"Shirlene,Devonne",,null,
"Irina,Aime",,null,
"Roobbie,Amy",,null,
"Lynett,Melessa",,null,
"Maura,Sarene",,null,
"Emlynne,Marisa",,null,
"Mattie,Selma",,null,
"Kynthia,Raychel",,null,
"Madelene,Leoline",BAT4M1,MCR3U1,HFA4U1,SBI3U1,SPH3U1,SCH3U1,ENG3UE,FSF4U1,EMPTY,
"Rhody,Briana",,null,
"Nadia,Lynnette",,null,
"Gae,Billie",,null,
"Emyle,Kriste",,null,
"Bessie,Gunilla",,null,
"Dottie,Krystyna",,null,
"Carmel,Kaitlynn",,null,
"Claretta,Savina",,null,
"Bunnie,Amye",,null,
"Carolyn,Mollie",,null,
"Candie,Caril",,null,
"Sacha,Siouxie",,null,
"Floris,Lorena",,null,
"Gates,Constantine",,null,
"Valery,Leticia",,null,
"Madge,Bobby",,null,
"Lynn,Viviyan",,null,
"Freddie,Celle",,null,
"Cthrine,Daisey",,null,
"Kylie,Georgiana",,null,
"Pearla,Marjy",,null,
"Gracia,Engracia",,null,
"Emmie,Petronella",,null,
"Deva,Barry",,null,
"Annamarie,Felice",,null,
"Jenica,Bonnie",,null,
"Leeanne,Robbin",,null,
"Arleyne,Quintilla",,null,
"Sheryl,Moira",,null,
"Wendy,Blondelle",,null,
"Janel,Jordain",,null,
"Katha,Sherrie",,null,
"Alisa,Emelita",,null,
"Adelle,Orsa",,null,
"Nicholle,Chelsae",,null,
"Helaine,Goldy",,null,
"Camellia,Carlen",,null,
"Leona,Randie",,null,
"Trixi,Dianne",,null,
"Babara,Donia",,null,
"Mame,Carena",,null,
"Barrie,Alameda",,null,
"Carole,Cissy",,null,
"Rochette,Ibby",,null,
"Tillie,Hedy",,null,
"Fredelia,Babita",,null,
"Chryste,Wilhelmine",,null,
"Sioux,Catriona",,null,
"Carilyn,Shana",,null,
"Janna,Camella",,null,
"Rani,Carolina",,null,
"Liva,Mikaela",,null,
"Michele,Doralyn",,null,
"Carla,Tana",,null,
"Zara,Yoko",,null,
"Elysha,Fayth",,null,
"Loria,Catherine",,null,
"Kalina,Eddy",,null,
"Suzanne,Alexandrina",,null,
"Rosaline,Sidonnie",,null,
"Orelee,Drucill",,null,
"Evonne,Bonita",,null,
"Clare,Edith",,null,
"Guinna,Linell",,null,
"Lyndel,Hynda",,null,
"Zorina,Anetta",,null,
"Evvy,Carrie",,null,
"Anetta,Enrika",,null,
"Amalia,Eva",,null,
"Roselia,Kristan",,null,
"Selma,Koralle",,null,
"Magdaia,Annamarie",,null,
"Cordelia,Caril",,null,
"Annalise,Dallas",,null,
"Katey,Joly",,null,
"Rosalyn,Dena",,null,
"Tarrah,Winifred",,null,
"Kandace,Bibby",,null,
"Melanie,Prisca",,null,
"Lacy,Fania",,null,
"Mercedes,Sella",,null,
"Hanni,Belinda",,null,
"Winnah,Hester",,null,
"Fanni,Viole",,null,
"Tobi,Zaneta",,null,
"Rose,Emera",,null,
"Erin,Sigrid",,null,
"Moreen,Koren",,null,
"Shoshanna,Joly",,null,
"Delphine,Beverie",,null,
"Aubrey,Olympie",,null,
"Alia,Modesty",,null,
"Karleen,Zandra",,null,
"Carly,Winona",,null,
"Iona,Angie",,null,
"Michele,Eleonore",,null,
"Marie-Jeanne,Bette",,null,
"Violante,Deina",,null,
"Heather,Juliane",,null,
"Florentia,Magdalen",,null,
"Sorcha,Torrie",,null,
"Charmine,Harriott",,null,
"Catharina,Yelena",,null,
"Mufinella,Celeste",,null,
"Annelise,Rhiamon",,null,
"Karolina,Demetra",,null,
"Monique,Natalie",,null,
"Dinny,Orelie",,null,
"Cortney,Grazia",,null,
"Isabelita,Wallis",,null,
"Ivie,Gennifer",,null,
"Maxie,Ashly",,null,
"Belinda,Mel",,null,
"Agna,Kessia",,null,
"Adrian,Fleurette",,null,
"Melania,Donna",,null,
"Sharia,Lu",,null,
"Adrienne,Cristi",,null,
"Electra,Allina",,null,
"Clea,Maurita",,null,
"Helenka,Ardath",,null,
"Gretel,Davida",,null,
"Josephine,Kristin",,null,
"Jacquelynn,Mari",,null,
"Gerladina,Modesty",,null,
"Josepha,Drusy",,null,
"Brittney,Laryssa",,null,
"Catie,Gisella",,null,
"Kameko,Tiffy",,null,
"Robin,Jeanelle",,null,
"Sarah,Morgen",,null,
"Tawnya,Alia",,null,
"Vanda,Chickie",,null,
"Gratia,Lorrayne",,null,
"Jaime,Tisha",,null,
"Raeann,Teena",,null,
"Anthe,Celene",,null,
"Gale,Annemarie",,null,
"Vi,Cortney",,null,
"Ulrikaumeko,Myrtia",,null,
"Emmalyn,Avie",,null,
"Kora,Genna",,null,
"Katharyn,Kandy",,null,
"Dorolisa,Willy",,null,
"Vannie,Alyssa",,null,
"Charline,Sheela",,null,
"Henryetta,Sibby",,null,
"Lorraine,Averyl",,null,
"Darci,Blinny",ENG2D1,CHC2D1,TIJ1O1,BBI2O1,CIVCAR,MPM2D1,SNC2D1,ICS2O1,EMPTY,
"Ninette,Nina",,null,
"Cara,Ingaberg",,null,
"Suki,Prudence",,null,
"Rodie,Kathryn",,null,
"Candis,Codee",,null,
"Angela,Cecilla",,null,
"Tessa,Fay",,null,
"Josey,Betti",FSF1O1,SCH3U1,SBI3U1,SPH3U1,MCR3U1,BTT1O1,ENG2D1,MPM2D1,EMPTY,
"Lacie,Gretel",,null,
"Tansy,Ashely",,null,
"Georgianne,Tiphanie",,null,
"Elissa,Roxane",,null,
"Maura,Audrey",,null,
"Kore,Ilise",,null,
"Maud,Jacquette",,null,
"Carmelle,Denni",,null,
"Charis,Susanna",,null,
"Sherline,Henka",,null,
"Colene,Evangelina",,null,
"Mariele,Dido",,null,
"Tamiko,Olympie",,null,
"Mignon,Ailyn",,null,
"Haley,Nicolle",,null,
"Austine,Paolina",,null,
"Aleda,Kylila",,null,
"Anabelle,Hestia",,null,
"Katha,Codee",,null,
"Sara-Ann,Babette",,null,
"Drucill,Cecilla",,null,
"Iolanthe,Xaviera",,null,
"Velma,Selene",,null,
"Xena,Ludovika",,null,
"Prue,Viole",,null,
"Marris,Carrie",,null,
"Melisandra,Doretta",,null,
"Maurine,Gretal",,null,
"Jeni,Adrea",,null,
"Adina,Karylin",,null,
"Shelagh,Jamie",,null,
"Myrle,Elvera",,null,
"Cindy,Mable",,null,
"Tabbitha,Arabele",,null,
"Billy,Katha",,null,
"Clo,Emeline",,null,
"Perri,Davita",,null,
"Elyn,Hilliary",,null,
"Willa,Sara",,null,
"Freida,Elisabetta",,null,
"Charline,Ertha",,null,
"Beitris,Ailyn",,null,
"Joana,Meggie",,null,
"Hildegarde,Jeni",,null,
"Carley,Tiphani",,null,
"Yoshi,Lianne",,null,
"Lusa,Shaun",,null,
"Marylynne,Chelsea",,null,
"Vanya,Georgetta",,null,
"Kellsie,Lyndsay",,null,
"Ronna,Mattie",,null,
"Mallory,Grissel",,null,
"Cherice,Rebecka",,null,
"Carlotta,Aurelea",,null,
"Gwenneth,Minette",,null,
"Alvina,Deeyn",,null,
"Tawsha,Janka",,null,
"Daron,Coriss",,null,
"Antonella,Consuela",,null,
"Madonna,Lauryn",,null,
"Betteanne,Tova",,null,
"Fannie,Brandie",,null,
"Tressa,Adelheid",,null,
"Robina,Faun",,null,
"Sande,Lacie",,null,
"Xenia,Valentia",,null,
"Vikky,Adela",,null,
"Karmen,Papagena",,null,
"Olly,Orelia",,null,
"Essa,Murial",,null,
"Sunshine,Karna",,null,
"Prudence,Harriet",,null,
"Cinderella,Amabelle",CLU3M1,HSP3U1,TGV3M1,ENG3U1,SCH3U1,MCR3U1,TEJ3M1,SPH3U1,EMPTY,
"Glynnis,Arly",,null,
"Pearle,Griselda",,null,
"Kinna,Mitzi",,null,
"Darrelle,Winnah",,null,
"Joanna,Andreana",,null,
"Feliza,Monah",,null,
"Dena,Chiquia",,null,
"Pammie,Darline",,null,
"Liane,Cindra",,null,
"Berry,Jenni",,null,
"Nertie,Charmain",,null,
"Alexina,Geneva",,null,
"Gretta,Dari",,null,
"Jocelin,Cecile",,null,
"Lainey,Fallon",,null,
"Daron,Delphine",,null,
"Etheline,Kelcy",,null,
"Alika,Carol-Jean",,null,
"Sidonia,Dulcy",,null,
"Bee,Raquel",,null,
"Miran,Appolonia",,null,
"Manon,Myranda",,null,
"Katinka,Quentin",,null,
"Tessie,Ronnica",,null,
"Mabel,Flori",,null,
"Marilin,Julissa",,null,
"Mahalia,Rahal",,null,
"Blancha,Consuelo",,null,
"Sara,Hetti",,null,
"Simona,Marga",,null,
"Giulia,Ferne",,null,
"Kira,Marybeth",,null,
"Darice,Kessiah",,null,
"Cassie,Orelia",TIJ1O1,MTH1W1,FSF1D1,SNC1D1,PPL1O9,CGC1D1,ENG1D1,ICS2O1,EMPTY,
"Alvera,Gabriela",,null,
"Anstice,Elsa",,null,
"Cheri,Shayla",,null,
"Marigold,Elvina",,null,
"Haleigh,Doretta",,null,
"Ainslee,Blinni",,null,
"Bertha,Antoinette",,null,
"Frances,Reina",,null,
"Cynthy,Yetta",,null,
"Enid,Kaylyn",,null,
"Frankie,Hyacinthia",,null,
"Annmaria,Deloris",,null,
"Ginger,Ashley",,null,
"Ysabel,Dorelia",,null,
"Jamima,Vivianna",,null,
"Carolina,Sandye",,null,
"Chiarra,Zorana",,null,
"Lesya,Laurel",,null,
"Benedikta,Constanta",,null,
"Isahella,Madlin",,null,
"Barbara,Franciska",,null,
"Marty,Malena",,null,
"Lorry,Marne",,null,
"Gweneth,Antonetta",,null,
"Mariya,Marleen",,null,
"Nolana,Vivie",,null,
"Donni,Perl",,null,
"Benni,Robinette",,null,
"Billye,Noelani",,null,
"Audre,Fleur",,null,
"Fiann,Ralina",,null,
"Dallas,Shirleen",,null,
"Cyndy,Agata",,null,
"Eloise,Belva",,null,
"Gigi,Roseanna",,null,
"Kris,Noelle",,null,
"Aleta,Jodie",,null,
"Carolin,Maddy",,null,
"Rea,Veda",,null,
"Maurizia,Peg",,null,
"Gertruda,Tyne",,null,
"Annora,Fawne",,null,
"Denni,Betsey",,null,
"Doralynn,Keelia",,null,
"Jo,Alyson",,null,
"Janella,Grayce",,null,
"Stephana,Nananne",,null,
"Sofia,Prudence",,null,
"Kylie,Inga",,null,
"Fina,Shaylynn",,null,
"Idalia,Yolande",,null,
"Hatti,Elke",,null,
"Donnamarie,Ammamaria",,null,
"Theodosia,Kippy",,null,
"Genevieve,Bertine",,null,
"Jackqueline,Cally",,null,
"Dorette,Farrand",,null,
"Thomasa,Colly",,null,
"Carmina,Tallulah",,null,
"Carina,Adara",,null,
"Arly,Lyndsey",,null,
"Mariana,Doe",,null,
"Eva,Cordelie",,null,
"Livy,Korella",,null,
"Danita,Jermaine",,null,
"Annabela,Jordan",,null,
"Gilberte,Billie",,null,
"Janeta,Kristan",,null,
"Lurleen,Melita",,null,
"Antonetta,Willetta",,null,
"Stephani,Diann",,null,
"Valerye,Torey",,null,
"Glennie,Sandy",,null,
"Sydney,Reba",,null,
"Dorice,Rosanna",,null,
"Mandie,Katherina",,null,
"Katerine,Miranda",,null,
"Gaynor,Devon",,null,
"Alyda,Zsa Zsa",,null,
"Lainey,Velvet",,null,
"Nissie,Nelli",,null,
"Keriann,Lurline",,null,
"Kore,Cybil",,null,
"Dora,Regina",,null,
"Danita,Sarita",,null,
"Madelaine,Goldarina",,null,
"Marne,Tammie",,null,
"Darryl,Tresa",,null,
"Morissa,Kerstin",,null,
"Ulrikaumeko,Cornie",,null,
"Dayle,Dayle",,null,
"Annemarie,Mirelle",,null,
"Gizela,Pippy",,null,
"Sibeal,Adella",,null,
"Jacquelyn,Lola",,null,
"Darsie,Gizela",,null,
"Bernette,Carmencita",,null,
"Jolene,Filide",,null,
"Wallie,Jeni",,null,
"Franni,Shauna",,null,
"Kelli,Neysa",,null,
"TEirtza,Cybill",,null,
"Laryssa,Jackquelin",,null,
"Maxie,Darby",,null,
"Fidelity,Mabelle",,null,
"Corny,Livvie",,null,
"Tybi,Audry",,null,
"Susanne,Wilow",,null,
"Gayel,Lenna",,null,
"Misti,Nadia",,null,
"Loralyn,Brunhilde",,null,
"Isadora,Rosella",,null,
"Marney,Bibbie",,null,
"Devinne,Kanya",,null,
"Odette,Ami",,null,
"Suzie,Merrielle",,null,
"Minnnie,Nerta",,null,
"Ingaborg,Elyse",,null,
"Melita,Fanechka",,null,
"Rosy,Audrie",,null,
"Evonne,Lydie",,null,
"Sileas,Melinde",,null,
"Peri,Shaine",,null,
"Meredith,Pansie",,null,
"Lynett,Sayre",,null,
"Emelyne,Margi",,null,
"Lucienne,Ronnie",,null,
"Jodi,Viviene",,null,
"Leontyne,Gerri",,null,
"Dot,Kelsi",,null,
"Madeline,Verina",,null,
"Kikelia,Rhonda",,null,
"Justine,Estell",,null,
"Devin,Kiah",,null,
"Atlante,Farrah",,null,
"Keely,Gwenora",,null,
"Marga,Becky",,null,
"Alta,Joni",,null,
"Gabbi,Delcina",,null,
"Gill,Laney",,null,
"Rina,Melisse",,null,
"Fredra,Brynne",,null,
"Ferne,Tybi",,null,
"Holly-Anne,Lilli",,null,
"Tanhya,Estrellita",,null,
"Sandi,Gillian",,null,
"Celinda,Fern",,null,
"Edith,Eba",,null,
"Sandra,Inge",,null,
"Nicolina,Jennee",,null,
"Jacquie,Pearle",,null,
"Brandice,Terri",,null,
"Inesita,Jordan",,null,
"Kay,Linnie",,null,
"Idalina,Flora",,null,
"Dorris,Wilow",,null,
"Sydelle,Hedy",,null,
"Elfrieda,Glori",,null,
"Crystie,Matilda",,null,
"Alfy,Tallie",,null,
"Valry,Charline",,null,
"Latrena,Mariska",,null,
"Hynda,Korrie",,null,
"Lindsey,Carolee",,null,
"Nessy,Zorine",,null,
"Grethel,Daphne",,null,
"Dion,Pauli",,null,
"Denyse,Vanda",,null,
"Kandy,Helaina",,null,
"Esmeralda,Laina",,null,
"Fanchon,Dulcie",,null,
"Beckie,Inna",,null,
"Ardella,Karole",,null,
"Audra,Yolanda",,null,
"Marge,Delphinia",,null,
"Gerta,Amity",,null,
"Nicholle,Alana",,null,
"Kristina,Kari",,null,
"Kristi,Anita",,null,
"Marketa,Evvy",,null,
"Edita,Jolee",,null,
"Cher,Anne",,null,
"Leila,Shelba",,null,
"Netty,Susanna",,null,
"Linnet,Corabella",,null,
"Anya,Lyndell",,null,
"Roxanne,Valentina",,null,
"Olga,Elita",,null,
"Lynnet,Ashley",,null,
"Randene,Barbara-Anne",,null,
"Agretha,Isabella",,null,
"Cinnamon,Carolynn",,null,
"Ursula,Bab",,null,
"Janie,Fayth",,null,
"Jillana,Euphemia",,null,
"Loria,Aeriel",,null,
"Odetta,Rachelle",,null,
"Cloe,Ulrikaumeko",,null,
"Darryl,Darla",,null,
"Kamilah,Marian",,null,
"Edyth,Faina",,null,
"Zsazsa,Micky",,null,
"Ofilia,Corene",,null,
"Jemmie,Dionne",,null,
"Catherin,Stacie",,null,
"Tonya,Domini",,null,
"Nonah,Alli",,null,
"Jane,Carmelle",,null,
"Jamima,Sigrid",,null,
"Gertrud,Ines",,null,
"Sherye,Ricki",,null,
"Milissent,Aurelea",,null,
"Halimeda,Latashia",,null,
"Lucille,Valentia",,null,
"Elizabeth,Chery",,null,
"Wilie,Aveline",,null,
"Rivkah,Pam",,null,
"Lise,Meredith",,null,
"Randene,Orelia",,null,
"Rhody,Roseanna",,null,
"Cloris,Dorice",,null,
"Kyrstin,Coral",,null,
"Aloisia,Mikaela",,null,
"Noell,Leena",,null,
"Abbi,Kendre",,null,
"Malinde,Erika",,null,
"Fredra,Blondell",,null,
"Lira,Saudra",,null,
"Jacquelyn,Britt",,null,
"Lesley,Jemimah",,null,
"Lolly,Dyanne",,null,
"Wilmette,Gilberta",,null,
"Wanids,Ethelind",,null,
"Cathleen,Bertie",,null,
"Concettina,Nomi",,null,
"Ruthanne,Claire",,null,
"Phaidra,Barbara",,null,
"Roze,Mariam",,null,
"Horatia,Esmaria",,null,
"Shanna,Kriste",,null,
"Cher,Cristen",,null,
"Maybelle,Annmaria",,null,
"Gretta,Albertine",,null,
"Deny,Coraline",,null,
"Cecilia,Jill",,null,
"Karon,Lorena",,null,
"Ceil,Carole",,null,
"Orly,Gilbertina",,null,
"Dell,Leonora",,null,
"Lise,Rose",,null,
"Melissa,Lisbeth",,null,
"Babbie,Anne-Corinne",,null,
"Janenna,Carline",,null,
"Clair,Eolanda",,null,
"Lula,Shayla",,null,
"Astrid,Federica",,null,
"Betteanne,Aryn",,null,
"Sheelagh,Elenore",,null,
"Dollie,Diane-Marie",,null,
"Mira,Deeann",,null,
"Babs,Jacqui",,null,
"Roselle,Isa",,null,
"Lynette,Lolita",,null,
"Janith,Gael",,null,
"Sue,Dominique",,null,
"Bell,Naomi",,null,
"Mariejeanne,Rosie",,null,
"Vitoria,Aubry",,null,
"Gavra,Teresita",,null,
"Angelique,Demetris",,null,
"Helenka,Jessy",,null,
"Feliza,Electra",,null,
"Loleta,Cher",,null,
"Leese,Tina",,null,
"Kristin,Magdaia",,null,
"Juanita,Meridith",,null,
"Arlinda,Judith",,null,
"Fleurette,Viviene",,null,
"Sashenka,Krystyna",,null,
"Retha,Beatrice",,null,
"Charmian,Dorthy",,null,
"Rani,Karilynn",,null,
"Hannis,Maure",,null,
"Carilyn,Muire",,null,
"Melba,Cheslie",,null,
"Leola,Amye",,null,
"Dyane,Courtenay",,null,
"Filippa,Moyna",,null,
"Kelci,Roxanna",,null,
"Vanna,Riva",,null,
"Marti,Mariska",,null,
"Luci,Kathy",,null,
"Val,Edy",,null,
"Faith,Chickie",,null,
"Billie,Odille",,null,
"Jannel,Gracia",,null,
"Vivyan,Toinette",,null,
"Noni,Tove",,null,
"Clotilda,Mikaela",,null,
"Eydie,Robyn",,null,
"Grace,Cornie",,null,
"Phelia,Georgeta",,null,
"Avril,Blondy",,null,
"Ivy,Danika",,null,
"Philippa,Merrie",,null,
"Gaylene,Blisse",,null,
"Winne,Danette",,null,
"Nonna,Kimberlyn",,null,
"Shena,Randie",,null,
"Ardella,Daria",,null,
"Katharina,Elise",,null,
"Elsbeth,Lorelei",,null,
"Judy,Peria",,null,
"Moira,Anett",,null,
"Honor,Gusti",,null,
"Leann,Roda",,null,
"Ardyth,Naoma",,null,
"Cissy,Renate",,null,
"Mel,Raynell",,null,
"Andi,Nicky",,null,
"Lorelei,Honey",,null,
"Bridget,Shea",,null,
"Isa,Kimbra",,null,
"Wallis,Kit",,null,
"Amara,Brigida",,null,
"Kirstyn,Coral",,null,
"Lacy,Taffy",,null,
"Shayne,Trixi",,null,
"Tabina,Carlynn",,null,
"Ruthanne,Ambur",,null,
"Gabriela,Maxy",,null,
"Gayel,Coleen",MTH1W1,PPL1O8,AMI1O1,SNC1D1,CGC1D1,ENG1D1,AVI1O1,FSF1D1,EMPTY,
"Koral,Elisabeth",,null,
"Anneliese,Kerstin",,null,
"Iseabal,Regina",,null,
"Chiquita,Coraline",,null,
"Blanch,Cody",,null,
"Junina,Gabriel",,null,
"Crin,Lynette",ENG2D1,SNC2D1,BBI2O1,HFN2O1,CHC2D1,MPM2D1,BAF3M1,AVI2O1,EMPTY,
"Hanni,Nedda",,null,
"Jyoti,Monah",,null,
"Margit,Joanie",,null,
"Amalia,Georgeanne",,null,
"Corrianne,Pru",,null,
"Anthea,Nichol",,null,
"Delly,Brenn",,null,
"Jolynn,Joleen",,null,
"Aime,Justinn",,null,
"Helene,Afton",ENG2D1,SNC2D1,BBI2O1,MPM2D1,CIVCAR,CHC2D1,PAF3O9,ICS2O1,EMPTY,
"Carmon,Dode",,null,
"Fayth,Linnet",,null,
"Sher,Janice",,null,
"Lyndy,Kathrine",,null,
"Rosamund,Lucille",,null,
"Aurelie,Christan",,null,
"Sophi,Heda",,null,
"Shirleen,Debby",,null,
"Cathyleen,Dyanna",,null,
"Odella,Olympia",,null,
"Row,Opal",,null,
"Alexina,Henrietta",,null,
"Wilow,Katinka",,null,
"Charmian,Giustina",,null,
"Atalanta,Dore",,null,
"Noel,Calida",,null,
"Maighdiln,Joellen",,null,
"Auroora,Emelia",,null,
"Margaretta,Paule",,null,
"Julie,Rycca",,null,
"Charla,Magdalen",,null,
"Corinne,Minnnie",,null,
"Brigitte,Cristine",,null,
"Liuka,Rosene",,null,
"Jaquelyn,Caroljean",,null,
"Xenia,Ketty",,null,
"Lura,Susan",,null,
"Carola,Shara",,null,
"Frannie,Eran",,null,
"Blondell,Michelina",,null,
"Abagail,Caralie",,null,
"Karoly,Kary",,null,
"Marielle,Brandise",,null,
"Margi,Reyna",,null,
"Lorilyn,Yvonne",,null,
"Breena,Lexi",,null,
"Diane-Marie,Claudetta",,null,
"Ricca,Mina",,null,
"Gabriell,Caitlin",,null,
"Winnah,Julianne",,null,
"Jo-Ann,Kirstin",,null,
"Kerianne,Eve",,null,
"Jennee,Leonora",,null,
"Malinde,Andi",,null,
"Lorna,Willamina",,null,
"Elnora,Fleurette",,null,
"Gerda,Roxy",,null,
"Charil,Adiana",,null,
"Leonelle,Dredi",,null,
"Saudra,Aleda",,null,
"Arlinda,Jaime",,null,
"Ada,Vania",,null,
"Nichol,Hermine",,null,
"Flore,Xena",,null,
"Bambi,Cami",,null,
"Stephani,Garland",,null,
"Aggi,Carmel",,null,
"Druci,Kelli",,null,
"Marga,Ella",,null,
"Melita,Carolyn",,null,
"Gillian,Leanor",,null,
"Aline,Laureen",,null,
"Clarisse,Daffi",,null,
"Ferdinande,Alvina",,null,
"Ariana,Starr",,null,
